plate_number,status,product_id,detail_url,price_won,price_text,model_year,first_registered_on,first_registered_month,mileage_km,mileage_text,model_name,engine,fuel_type,fuel_label,trim_raw,trim_group,classification,option_price_won,option_price_text,option_count,main_option_count,main_options,selectable_option_names,selectable_option_package_count,selectable_option_detail_total,selectable_options_json,first_seen_at,last_seen_at,last_scraped_at,sold_out_at,seen_count,missing_count
108부9146,available,12682,https://cpo.kia.com/products/detail/?id=12682,43600000,"4,360만원",2025,2024-06-14,2024년 06월,16095,"16,095km",카니발 7인승 자가용 3.5 가솔린 그래비티,3.5 가솔린,GASOLINE,가솔린,그래비티,시그니처 그래비티,PREMIUM,6000000,600만원,110,13,가죽시트; 내비게이션; 무선충전; 전동트렁크; 썬루프; 스마트키; 운전석 열선시트; 후방 주차거리경고; 첨단 운전자 보조 (ADAS); 운전석 통풍시트; 하이패스; 헤드업 디스플레이; 후방카메라,컴포트; 듀얼선루프; 드라이브와이즈; HUD+빌트인캠2; KRELL사운드; 모니터링팩; 스마트커넥트,7,23,"[{""order"": 1, ""name"": ""컴포트"", ""details"": [""2열 다이내믹 바디케어시트"", ""UV-C 살균 암레스트 수납함"", ""에어컨 광촉매 살균 시스템"", ""항균 처리 고성능 콤비 필터""], ""detail_count"": 4, ""has_details"": true, ""details_text"": ""2열 다이내믹 바디케어시트; UV-C 살균 암레스트 수납함; 에어컨 광촉매 살균 시스템; 항균 처리 고성능 콤비 필터""}, {""order"": 2, ""name"": ""듀얼선루프"", ""details"": [""듀얼선루프""], ""detail_count"": 1, ""has_details"": true, ""details_text"": ""듀얼선루프""}, {""order"": 3, ""name"": ""드라이브와이즈"", ""details"": [""전방 충돌방지 보조(교차 차량/측방 접근차/추월시 대향차/회피 조향 보조 기능 포함)"", ""스마트 크루즈 컨트롤(운전 스타일 연동)"", ""내비게이션 기반 스마트 크루즈 컨트롤(고속도로/자동차 전용도로 內 진출입로)"", ""고속도로 주행 보조 2(차로변경 보조 기능 포함)"", ""후석 승객 알림(센서 타입)"", ""후측방 충돌방지 보조(주행)""], ""detail_count"": 6, ""has_details"": true, ""details_text"": ""전방 충돌방지 보조(교차 차량/측방 접근차/추월시 대향차/회피 조향 보조 기능 포함); 스마트 크루즈 컨트롤(운전 스타일 연동); 내비게이션 기반 스마트 크루즈 컨트롤(고속도로/자동차 전용도로 內 진출입로); 고속도로 주행 보조 2(차로변경 보조 기능 포함); 후석 승객 알림(센서 타입); 후측방 충돌방지 보조(주행)""}, {""order"": 4, ""name"": ""HUD+빌트인캠2"", ""details"": [""헤드업 디스플레이"", ""빌트인 캠 2"", ""증강현실 내비게이션""], ""detail_count"": 3, ""has_details"": true, ""details_text"": ""헤드업 디스플레이; 빌트인 캠 2; 증강현실 내비게이션""}, {""order"": 5, ""name"": ""KRELL사운드"", ""details"": [""KRELL 프리미엄 사운드(12스피커, 외장앰프) ※ 7인승 선택 시 도어타입 러기지 트레이 미적용""], ""detail_count"": 1, ""has_details"": true, ""details_text"": ""KRELL 프리미엄 사운드(12스피커, 외장앰프) ※ 7인승 선택 시 도어타입 러기지 트레이 미적용""}, {""order"": 6, ""name"": ""모니터링팩"", ""details"": [""서라운드 뷰 모니터"", ""후측방 모니터"", ""리모트 360도 뷰(내 차 주변 영상)"", ""후방 주차 충돌방지 보조"", ""측방 주차 거리 경고"", ""원격 스마트 주차 보조""], ""detail_count"": 6, ""has_details"": true, ""details_text"": ""서라운드 뷰 모니터; 후측방 모니터; 리모트 360도 뷰(내 차 주변 영상); 후방 주차 충돌방지 보조; 측방 주차 거리 경고; 원격 스마트 주차 보조""}, {""order"": 7, ""name"": ""스마트커넥트"", ""details"": [""지문 인증 시스템"", ""디지털 센터 미러""], ""detail_count"": 2, ""has_details"": true, ""details_text"": ""지문 인증 시스템; 디지털 센터 미러""}]",2026-06-29T09:04:59.156954+00:00,2026-07-01T05:44:55.502408+00:00,2026-07-01T05:44:55.502408+00:00,,46,0
224부2605,available,12681,https://cpo.kia.com/products/detail/?id=12681,43200000,"4,320만원",2024,2024-04-17,2024년 04월,26473,"26,473km",카니발 7인승 자가용 3.5 가솔린 그래비티,3.5 가솔린,GASOLINE,가솔린,시그니처 그래비티,시그니처 그래비티,PREMIUM,8000000,800만원,99,13,가죽시트; 내비게이션; 무선충전; 전동트렁크; 썬루프; 스마트키; 운전석 열선시트; 후방 주차거리경고; 첨단 운전자 보조 (ADAS); 운전석 통풍시트; 하이패스; 헤드업 디스플레이; 후방카메라,컴포트; 듀얼선루프; 드라이브와이즈; HUD+빌트인캠2; KRELL사운드; 모니터링팩; 스마트커넥트,7,26,"[{""order"": 1, ""name"": ""컴포트"", ""details"": [""2열 다이내믹 바디케어시트"", ""UV-C 살균 암레스트 수납함"", ""에어컨 광촉매 살균 시스템"", ""항균 처리 고성능 콤비 필터""], ""detail_count"": 4, ""has_details"": true, ""details_text"": ""2열 다이내믹 바디케어시트; UV-C 살균 암레스트 수납함; 에어컨 광촉매 살균 시스템; 항균 처리 고성능 콤비 필터""}, {""order"": 2, ""name"": ""듀얼선루프"", ""details"": [""듀얼선루프""], ""detail_count"": 1, ""has_details"": true, ""details_text"": ""듀얼선루프""}, {""order"": 3, ""name"": ""드라이브와이즈"", ""details"": [""전방 충돌방지 보조(교차 차량/측방 접근차/추월시 대향차/회피 조향 보조 기능 포함)"", ""스마트 크루즈 컨트롤(운전 스타일 연동)"", ""내비게이션 기반 스마트 크루즈 컨트롤(고속도로/자동차 전용도로 內 진출입로)"", ""고속도로 주행 보조 2(차로변경 보조 기능 포함)"", ""후석 승객 알림"", ""후측방 충돌방지 보조(주행)""], ""detail_count"": 6, ""has_details"": true, ""details_text"": ""전방 충돌방지 보조(교차 차량/측방 접근차/추월시 대향차/회피 조향 보조 기능 포함); 스마트 크루즈 컨트롤(운전 스타일 연동); 내비게이션 기반 스마트 크루즈 컨트롤(고속도로/자동차 전용도로 內 진출입로); 고속도로 주행 보조 2(차로변경 보조 기능 포함); 후석 승객 알림; 후측방 충돌방지 보조(주행)""}, {""order"": 4, ""name"": ""HUD+빌트인캠2"", ""details"": [""헤드업 디스플레이"", ""빌트인 캠 2"", ""증강현실 내비게이션""], ""detail_count"": 3, ""has_details"": true, ""details_text"": ""헤드업 디스플레이; 빌트인 캠 2; 증강현실 내비게이션""}, {""order"": 5, ""name"": ""KRELL사운드"", ""details"": [""KRELL 프리미엄 사운드(12스피커, 외장앰프)"", ""※ 7인승 선택 시 도어타입 러기지 트레이 미적용""], ""detail_count"": 2, ""has_details"": true, ""details_text"": ""KRELL 프리미엄 사운드(12스피커, 외장앰프); ※ 7인승 선택 시 도어타입 러기지 트레이 미적용""}, {""order"": 6, ""name"": ""모니터링팩"", ""details"": [""서라운드 뷰 모니터"", ""후측방 모니터"", ""리모트 360도 뷰(내 차 주변 영상)"", ""후방 주차 충돌방지 보조"", ""측방 주차 거리 경고"", ""원격 스마트 주차 보조""], ""detail_count"": 6, ""has_details"": true, ""details_text"": ""서라운드 뷰 모니터; 후측방 모니터; 리모트 360도 뷰(내 차 주변 영상); 후방 주차 충돌방지 보조; 측방 주차 거리 경고; 원격 스마트 주차 보조""}, {""order"": 7, ""name"": ""스마트커넥트"", ""details"": [""기아 디지털 키 2"", ""터치타입 아웃사이드 도어핸들(1열)"", ""지문 인증 시스템"", ""디지털 센터 미러""], ""detail_count"": 4, ""has_details"": true, ""details_text"": ""기아 디지털 키 2; 터치타입 아웃사이드 도어핸들(1열); 지문 인증 시스템; 디지털 센터 미러""}]",2026-06-29T09:04:59.156954+00:00,2026-07-01T05:44:55.502408+00:00,2026-07-01T05:44:55.502408+00:00,,46,0
193오3086,available,12208,https://cpo.kia.com/products/detail/?id=12208,46500000,"4,650만원",2025,2024-04-23,2024년 04월,50743,"50,743km",카니발 7인승 자가용 1.6 HEV 그래비티,1.6 가솔린 터보 하이브리드,HYBRID,하이브리드,그래비티,시그니처 그래비티,LITE,7000000,700만원,110,13,가죽시트; 내비게이션; 무선충전; 전동트렁크; 썬루프; 스마트키; 운전석 열선시트; 후방 주차거리경고; 첨단 운전자 보조 (ADAS); 운전석 통풍시트; 하이패스; 헤드업 디스플레이; 후방카메라,컴포트; 듀얼선루프; 드라이브와이즈; HUD+빌트인캠2; KRELL사운드; 모니터링팩; 스마트커넥트,7,25,"[{""order"": 1, ""name"": ""컴포트"", ""details"": [""2열 통풍시트"", ""2열 파워 리클라이닝시트(풀플랫 포함, 워크인 기능 미적용)"", ""확장형 센터콘솔"", ""3열 C타입 USB 단자(충전용, 2개)"", ""UV-C 살균 암레스트 수납함"", ""에어컨 광촉매 살균 시스템"", ""항균 처리 고성능 콤비 필터""], ""detail_count"": 7, ""has_details"": true, ""details_text"": ""2열 통풍시트; 2열 파워 리클라이닝시트(풀플랫 포함, 워크인 기능 미적용); 확장형 센터콘솔; 3열 C타입 USB 단자(충전용, 2개); UV-C 살균 암레스트 수납함; 에어컨 광촉매 살균 시스템; 항균 처리 고성능 콤비 필터""}, {""order"": 2, ""name"": ""듀얼선루프"", ""details"": [], ""detail_count"": 0, ""has_details"": false, ""details_text"": """"}, {""order"": 3, ""name"": ""드라이브와이즈"", ""details"": [""전방 충돌방지 보조(교차 차량/측방 접근차/추월시 대향차/회피 조향 보조 기능 포함)"", ""스마트 크루즈 컨트롤(운전 스타일 연동)"", ""내비게이션 기반 스마트 크루즈 컨트롤(고속도로/자동차 전용도로 內 진출입로)"", ""고속도로 주행 보조 2(차로변경 보조 기능 포함)"", ""후석 승객 알림(센서 타입)"", ""후측방 충돌방지 보조(주행)"", ""※ 스마트 파워 슬라이딩 도어 동시 적용 시"", ""안전 하차 보조 기능 지원""], ""detail_count"": 8, ""has_details"": true, ""details_text"": ""전방 충돌방지 보조(교차 차량/측방 접근차/추월시 대향차/회피 조향 보조 기능 포함); 스마트 크루즈 컨트롤(운전 스타일 연동); 내비게이션 기반 스마트 크루즈 컨트롤(고속도로/자동차 전용도로 內 진출입로); 고속도로 주행 보조 2(차로변경 보조 기능 포함); 후석 승객 알림(센서 타입); 후측방 충돌방지 보조(주행); ※ 스마트 파워 슬라이딩 도어 동시 적용 시; 안전 하차 보조 기능 지원""}, {""order"": 4, ""name"": ""HUD+빌트인캠2"", ""details"": [""헤드업 디스플레이"", ""빌트인 캠 2"", ""증강현실 내비게이션""], ""detail_count"": 3, ""has_details"": true, ""details_text"": ""헤드업 디스플레이; 빌트인 캠 2; 증강현실 내비게이션""}, {""order"": 5, ""name"": ""KRELL사운드"", ""details"": [], ""detail_count"": 0, ""has_details"": false, ""details_text"": """"}, {""order"": 6, ""name"": ""모니터링팩"", ""details"": [""서라운드 뷰 모니터"", ""후측방 모니터"", ""리모트 360도 뷰(내 차 주변 영상)"", ""후방 주차 충돌방지 보조"", ""측방 주차 거리 경고""], ""detail_count"": 5, ""has_details"": true, ""details_text"": ""서라운드 뷰 모니터; 후측방 모니터; 리모트 360도 뷰(내 차 주변 영상); 후방 주차 충돌방지 보조; 측방 주차 거리 경고""}, {""order"": 7, ""name"": ""스마트커넥트"", ""details"": [""지문 인증 시스템"", ""디지털 센터 미러""], ""detail_count"": 2, ""has_details"": true, ""details_text"": ""지문 인증 시스템; 디지털 센터 미러""}]",2026-06-26T09:12:45.348038+00:00,2026-07-01T05:44:55.502408+00:00,2026-07-01T05:44:55.502408+00:00,,119,0
329마8113,available,11357,https://cpo.kia.com/products/detail/?id=11357,50630000,"5,063만원",2024,2024-03-25,2024년 03월,23229,"23,229km",카니발 7인승 자가용 1.6 HEV 그래비티,1.6 가솔린 하이브리드,HYBRID,하이브리드,시그니처 그래비티,시그니처 그래비티,PREMIUM,6000000,600만원,99,13,가죽시트; 내비게이션; 무선충전; 전동트렁크; 썬루프; 스마트키; 운전석 열선시트; 후방 주차거리경고; 첨단 운전자 보조 (ADAS); 운전석 통풍시트; 하이패스; 헤드업 디스플레이; 후방카메라,컴포트; 듀얼선루프; 드라이브와이즈; HUD+빌트인캠2; KRELL사운드; 모니터링팩; 스마트커넥트; 기본 옵션 중 미적용 사양,8,27,"[{""order"": 1, ""name"": ""컴포트"", ""details"": [""2열 다이내믹 바디케어시트"", ""UV-C 살균 암레스트 수납함"", ""에어컨 광촉매 살균 시스템"", ""항균 처리 고성능 콤비 필터""], ""detail_count"": 4, ""has_details"": true, ""details_text"": ""2열 다이내믹 바디케어시트; UV-C 살균 암레스트 수납함; 에어컨 광촉매 살균 시스템; 항균 처리 고성능 콤비 필터""}, {""order"": 2, ""name"": ""듀얼선루프"", ""details"": [""듀얼선루프""], ""detail_count"": 1, ""has_details"": true, ""details_text"": ""듀얼선루프""}, {""order"": 3, ""name"": ""드라이브와이즈"", ""details"": [""전방 충돌방지 보조(교차 차량/측방 접근차/추월시 대향차/회피 조향 보조 기능 포함)"", ""스마트 크루즈 컨트롤(운전 스타일 연동)"", ""내비게이션 기반 스마트 크루즈 컨트롤(고속도로/자동차 전용도로 內 진출입로)"", ""고속도로 주행 보조 2(차로변경 보조 기능 포함)"", ""후석 승객 알림"", ""후측방 충돌방지 보조(주행)""], ""detail_count"": 6, ""has_details"": true, ""details_text"": ""전방 충돌방지 보조(교차 차량/측방 접근차/추월시 대향차/회피 조향 보조 기능 포함); 스마트 크루즈 컨트롤(운전 스타일 연동); 내비게이션 기반 스마트 크루즈 컨트롤(고속도로/자동차 전용도로 內 진출입로); 고속도로 주행 보조 2(차로변경 보조 기능 포함); 후석 승객 알림; 후측방 충돌방지 보조(주행)""}, {""order"": 4, ""name"": ""HUD+빌트인캠2"", ""details"": [""헤드업 디스플레이"", ""빌트인 캠 2"", ""증강현실 내비게이션""], ""detail_count"": 3, ""has_details"": true, ""details_text"": ""헤드업 디스플레이; 빌트인 캠 2; 증강현실 내비게이션""}, {""order"": 5, ""name"": ""KRELL사운드"", ""details"": [""KRELL 프리미엄 사운드(12스피커, 외장앰프)"", ""※ 7인승 선택 시 도어타입 러기지 트레이 미적용""], ""detail_count"": 2, ""has_details"": true, ""details_text"": ""KRELL 프리미엄 사운드(12스피커, 외장앰프); ※ 7인승 선택 시 도어타입 러기지 트레이 미적용""}, {""order"": 6, ""name"": ""모니터링팩"", ""details"": [""서라운드 뷰 모니터"", ""후측방 모니터"", ""리모트 360도 뷰(내 차 주변 영상)"", ""후방 주차 충돌방지 보조"", ""측방 주차 거리 경고"", ""원격 스마트 주차 보조""], ""detail_count"": 6, ""has_details"": true, ""details_text"": ""서라운드 뷰 모니터; 후측방 모니터; 리모트 360도 뷰(내 차 주변 영상); 후방 주차 충돌방지 보조; 측방 주차 거리 경고; 원격 스마트 주차 보조""}, {""order"": 7, ""name"": ""스마트커넥트"", ""details"": [""기아 디지털 키 2"", ""터치타입 아웃사이드 도어핸들(1열)"", ""지문 인증 시스템"", ""디지털 센터 미러""], ""detail_count"": 4, ""has_details"": true, ""details_text"": ""기아 디지털 키 2; 터치타입 아웃사이드 도어핸들(1열); 지문 인증 시스템; 디지털 센터 미러""}, {""order"": 8, ""name"": ""기본 옵션 중 미적용 사양"", ""details"": [""미선택(사이드스텝,LED T.G.L)""], ""detail_count"": 1, ""has_details"": true, ""details_text"": ""미선택(사이드스텝,LED T.G.L)""}]",2026-06-26T09:12:45.348038+00:00,2026-07-01T05:44:55.502408+00:00,2026-07-01T05:44:55.502408+00:00,,55,0
192구8030,available,12579,https://cpo.kia.com/products/detail/?id=12579,41860000,"4,186만원",2024,2023-12-06,2023년 12월,28071,"28,071km",카니발 7인승 자가용 3.5 가솔린 그래비티,3.5 가솔린,GASOLINE,가솔린,시그니처 그래비티,시그니처 그래비티,LITE,5000000,500만원,99,13,가죽시트; 내비게이션; 무선충전; 전동트렁크; 썬루프; 스마트키; 운전석 열선시트; 후방 주차거리경고; 첨단 운전자 보조 (ADAS); 운전석 통풍시트; 하이패스; 헤드업 디스플레이; 후방카메라,듀얼선루프; 드라이브와이즈; HUD+빌트인캠2; 모니터링팩; 스마트커넥트,5,20,"[{""order"": 1, ""name"": ""듀얼선루프"", ""details"": [""듀얼선루프""], ""detail_count"": 1, ""has_details"": true, ""details_text"": ""듀얼선루프""}, {""order"": 2, ""name"": ""드라이브와이즈"", ""details"": [""전방 충돌방지 보조(교차 차량/측방 접근차/추월시 대향차/회피 조향 보조 기능 포함)"", ""스마트 크루즈 컨트롤(운전 스타일 연동)"", ""내비게이션 기반 스마트 크루즈 컨트롤(고속도로/자동차 전용도로 內 진출입로)"", ""고속도로 주행 보조 2(차로변경 보조 기능 포함)"", ""후석 승객 알림"", ""후측방 충돌방지 보조(주행)""], ""detail_count"": 6, ""has_details"": true, ""details_text"": ""전방 충돌방지 보조(교차 차량/측방 접근차/추월시 대향차/회피 조향 보조 기능 포함); 스마트 크루즈 컨트롤(운전 스타일 연동); 내비게이션 기반 스마트 크루즈 컨트롤(고속도로/자동차 전용도로 內 진출입로); 고속도로 주행 보조 2(차로변경 보조 기능 포함); 후석 승객 알림; 후측방 충돌방지 보조(주행)""}, {""order"": 3, ""name"": ""HUD+빌트인캠2"", ""details"": [""헤드업 디스플레이"", ""빌트인 캠 2"", ""증강현실 내비게이션""], ""detail_count"": 3, ""has_details"": true, ""details_text"": ""헤드업 디스플레이; 빌트인 캠 2; 증강현실 내비게이션""}, {""order"": 4, ""name"": ""모니터링팩"", ""details"": [""서라운드 뷰 모니터"", ""후측방 모니터"", ""리모트 360도 뷰(내 차 주변 영상)"", ""후방 주차 충돌방지 보조"", ""측방 주차 거리 경고"", ""원격 스마트 주차 보조""], ""detail_count"": 6, ""has_details"": true, ""details_text"": ""서라운드 뷰 모니터; 후측방 모니터; 리모트 360도 뷰(내 차 주변 영상); 후방 주차 충돌방지 보조; 측방 주차 거리 경고; 원격 스마트 주차 보조""}, {""order"": 5, ""name"": ""스마트커넥트"", ""details"": [""기아 디지털 키 2"", ""터치타입 아웃사이드 도어핸들(1열)"", ""지문 인증 시스템"", ""디지털 센터 미러""], ""detail_count"": 4, ""has_details"": true, ""details_text"": ""기아 디지털 키 2; 터치타입 아웃사이드 도어핸들(1열); 지문 인증 시스템; 디지털 센터 미러""}]",2026-06-26T09:12:45.348038+00:00,2026-07-01T05:44:55.502408+00:00,2026-07-01T05:44:55.502408+00:00,,119,0
177라1309,available,12538,https://cpo.kia.com/products/detail/?id=12538,48360000,"4,836만원",2024,2024-03-06,2024년 03월,42625,"42,625km",카니발 7인승 자가용 1.6 HEV 그래비티,1.6 가솔린 하이브리드,HYBRID,하이브리드,시그니처 그래비티,시그니처 그래비티,LITE,9000000,900만원,99,13,가죽시트; 내비게이션; 무선충전; 전동트렁크; 썬루프; 스마트키; 운전석 열선시트; 후방 주차거리경고; 첨단 운전자 보조 (ADAS); 운전석 통풍시트; 하이패스; 헤드업 디스플레이; 후방카메라,컴포트; 듀얼선루프; 드라이브와이즈; HUD+빌트인캠2; KRELL사운드; 모니터링팩; 스마트커넥트,7,26,"[{""order"": 1, ""name"": ""컴포트"", ""details"": [""2열 다이내믹 바디케어시트"", ""UV-C 살균 암레스트 수납함"", ""에어컨 광촉매 살균 시스템"", ""항균 처리 고성능 콤비 필터""], ""detail_count"": 4, ""has_details"": true, ""details_text"": ""2열 다이내믹 바디케어시트; UV-C 살균 암레스트 수납함; 에어컨 광촉매 살균 시스템; 항균 처리 고성능 콤비 필터""}, {""order"": 2, ""name"": ""듀얼선루프"", ""details"": [""듀얼선루프""], ""detail_count"": 1, ""has_details"": true, ""details_text"": ""듀얼선루프""}, {""order"": 3, ""name"": ""드라이브와이즈"", ""details"": [""전방 충돌방지 보조(교차 차량/측방 접근차/추월시 대향차/회피 조향 보조 기능 포함)"", ""스마트 크루즈 컨트롤(운전 스타일 연동)"", ""내비게이션 기반 스마트 크루즈 컨트롤(고속도로/자동차 전용도로 內 진출입로)"", ""고속도로 주행 보조 2(차로변경 보조 기능 포함)"", ""후석 승객 알림"", ""후측방 충돌방지 보조(주행)""], ""detail_count"": 6, ""has_details"": true, ""details_text"": ""전방 충돌방지 보조(교차 차량/측방 접근차/추월시 대향차/회피 조향 보조 기능 포함); 스마트 크루즈 컨트롤(운전 스타일 연동); 내비게이션 기반 스마트 크루즈 컨트롤(고속도로/자동차 전용도로 內 진출입로); 고속도로 주행 보조 2(차로변경 보조 기능 포함); 후석 승객 알림; 후측방 충돌방지 보조(주행)""}, {""order"": 4, ""name"": ""HUD+빌트인캠2"", ""details"": [""헤드업 디스플레이"", ""빌트인 캠 2"", ""증강현실 내비게이션""], ""detail_count"": 3, ""has_details"": true, ""details_text"": ""헤드업 디스플레이; 빌트인 캠 2; 증강현실 내비게이션""}, {""order"": 5, ""name"": ""KRELL사운드"", ""details"": [""KRELL 프리미엄 사운드(12스피커, 외장앰프)"", ""※ 7인승 선택 시 도어타입 러기지 트레이 미적용""], ""detail_count"": 2, ""has_details"": true, ""details_text"": ""KRELL 프리미엄 사운드(12스피커, 외장앰프); ※ 7인승 선택 시 도어타입 러기지 트레이 미적용""}, {""order"": 6, ""name"": ""모니터링팩"", ""details"": [""서라운드 뷰 모니터"", ""후측방 모니터"", ""리모트 360도 뷰(내 차 주변 영상)"", ""후방 주차 충돌방지 보조"", ""측방 주차 거리 경고"", ""원격 스마트 주차 보조""], ""detail_count"": 6, ""has_details"": true, ""details_text"": ""서라운드 뷰 모니터; 후측방 모니터; 리모트 360도 뷰(내 차 주변 영상); 후방 주차 충돌방지 보조; 측방 주차 거리 경고; 원격 스마트 주차 보조""}, {""order"": 7, ""name"": ""스마트커넥트"", ""details"": [""기아 디지털 키 2"", ""터치타입 아웃사이드 도어핸들(1열)"", ""지문 인증 시스템"", ""디지털 센터 미러""], ""detail_count"": 4, ""has_details"": true, ""details_text"": ""기아 디지털 키 2; 터치타입 아웃사이드 도어핸들(1열); 지문 인증 시스템; 디지털 센터 미러""}]",2026-06-26T09:12:45.348038+00:00,2026-07-01T05:44:55.502408+00:00,2026-07-01T05:44:55.502408+00:00,,119,0
164라3007,available,10117,https://cpo.kia.com/products/detail/?id=10117,47890000,"4,789만원",2024,2024-01-25,2024년 01월,16516,"16,516km",카니발 7인승 자가용 3.5 가솔린 그래비티,3.5 가솔린,GASOLINE,가솔린,시그니처 그래비티,시그니처 그래비티,PREMIUM,7000000,700만원,99,13,가죽시트; 내비게이션; 무선충전; 전동트렁크; 썬루프; 스마트키; 운전석 열선시트; 후방 주차거리경고; 첨단 운전자 보조 (ADAS); 운전석 통풍시트; 하이패스; 헤드업 디스플레이; 후방카메라,컴포트; 듀얼선루프; 드라이브와이즈; HUD+빌트인캠2; KRELL사운드; 모니터링팩; 스마트커넥트,7,26,"[{""order"": 1, ""name"": ""컴포트"", ""details"": [""2열 다이내믹 바디케어시트"", ""UV-C 살균 암레스트 수납함"", ""에어컨 광촉매 살균 시스템"", ""항균 처리 고성능 콤비 필터""], ""detail_count"": 4, ""has_details"": true, ""details_text"": ""2열 다이내믹 바디케어시트; UV-C 살균 암레스트 수납함; 에어컨 광촉매 살균 시스템; 항균 처리 고성능 콤비 필터""}, {""order"": 2, ""name"": ""듀얼선루프"", ""details"": [""듀얼선루프""], ""detail_count"": 1, ""has_details"": true, ""details_text"": ""듀얼선루프""}, {""order"": 3, ""name"": ""드라이브와이즈"", ""details"": [""전방 충돌방지 보조(교차 차량/측방 접근차/추월시 대향차/회피 조향 보조 기능 포함)"", ""스마트 크루즈 컨트롤(운전 스타일 연동)"", ""내비게이션 기반 스마트 크루즈 컨트롤(고속도로/자동차 전용도로 內 진출입로)"", ""고속도로 주행 보조 2(차로변경 보조 기능 포함)"", ""후석 승객 알림"", ""후측방 충돌방지 보조(주행)""], ""detail_count"": 6, ""has_details"": true, ""details_text"": ""전방 충돌방지 보조(교차 차량/측방 접근차/추월시 대향차/회피 조향 보조 기능 포함); 스마트 크루즈 컨트롤(운전 스타일 연동); 내비게이션 기반 스마트 크루즈 컨트롤(고속도로/자동차 전용도로 內 진출입로); 고속도로 주행 보조 2(차로변경 보조 기능 포함); 후석 승객 알림; 후측방 충돌방지 보조(주행)""}, {""order"": 4, ""name"": ""HUD+빌트인캠2"", ""details"": [""헤드업 디스플레이"", ""빌트인 캠 2"", ""증강현실 내비게이션""], ""detail_count"": 3, ""has_details"": true, ""details_text"": ""헤드업 디스플레이; 빌트인 캠 2; 증강현실 내비게이션""}, {""order"": 5, ""name"": ""KRELL사운드"", ""details"": [""KRELL 프리미엄 사운드(12스피커, 외장앰프)"", ""※ 7인승 선택 시 도어타입 러기지 트레이 미적용""], ""detail_count"": 2, ""has_details"": true, ""details_text"": ""KRELL 프리미엄 사운드(12스피커, 외장앰프); ※ 7인승 선택 시 도어타입 러기지 트레이 미적용""}, {""order"": 6, ""name"": ""모니터링팩"", ""details"": [""서라운드 뷰 모니터"", ""후측방 모니터"", ""리모트 360도 뷰(내 차 주변 영상)"", ""후방 주차 충돌방지 보조"", ""측방 주차 거리 경고"", ""원격 스마트 주차 보조""], ""detail_count"": 6, ""has_details"": true, ""details_text"": ""서라운드 뷰 모니터; 후측방 모니터; 리모트 360도 뷰(내 차 주변 영상); 후방 주차 충돌방지 보조; 측방 주차 거리 경고; 원격 스마트 주차 보조""}, {""order"": 7, ""name"": ""스마트커넥트"", ""details"": [""기아 디지털 키 2"", ""터치타입 아웃사이드 도어핸들(1열)"", ""지문 인증 시스템"", ""디지털 센터 미러""], ""detail_count"": 4, ""has_details"": true, ""details_text"": ""기아 디지털 키 2; 터치타입 아웃사이드 도어핸들(1열); 지문 인증 시스템; 디지털 센터 미러""}]",2026-06-26T09:12:45.348038+00:00,2026-07-01T05:44:55.502408+00:00,2026-07-01T05:44:55.502408+00:00,,119,0
380두1389,available,12459,https://cpo.kia.com/products/detail/?id=12459,44990000,"4,499만원",2025,2024-05-23,2024년 05월,35135,"35,135km",카니발 7인승 자가용 1.6 HEV 시그니처,1.6 가솔린 터보 하이브리드,HYBRID,하이브리드,시그니처,시그니처,LITE,7000000,700만원,102,13,가죽시트; 내비게이션; 무선충전; 전동트렁크; 썬루프; 스마트키; 운전석 열선시트; 후방 주차거리경고; 첨단 운전자 보조 (ADAS); 운전석 통풍시트; 하이패스; 헤드업 디스플레이; 후방카메라,컴포트; 듀얼선루프; 드라이브와이즈; HUD+빌트인캠2; KRELL사운드; 모니터링팩; 스마트커넥트; 스타일,8,30,"[{""order"": 1, ""name"": ""컴포트"", ""details"": [""2열 다이내믹 바디케어시트"", ""UV-C 살균 암레스트 수납함"", ""에어컨 광촉매 살균 시스템"", ""항균 처리 고성능 콤비 필터""], ""detail_count"": 4, ""has_details"": true, ""details_text"": ""2열 다이내믹 바디케어시트; UV-C 살균 암레스트 수납함; 에어컨 광촉매 살균 시스템; 항균 처리 고성능 콤비 필터""}, {""order"": 2, ""name"": ""듀얼선루프"", ""details"": [""듀얼선루프""], ""detail_count"": 1, ""has_details"": true, ""details_text"": ""듀얼선루프""}, {""order"": 3, ""name"": ""드라이브와이즈"", ""details"": [""전방 충돌방지 보조(교차 차량/측방 접근차/추월시 대향차/회피 조향 보조 기능 포함)"", ""스마트 크루즈 컨트롤(운전 스타일 연동)"", ""내비게이션 기반 스마트 크루즈 컨트롤(고속도로/자동차 전용도로 內 진출입로)"", ""고속도로 주행 보조 2(차로변경 보조 기능 포함)"", ""후석 승객 알림"", ""후측방 충돌방지 보조(주행)""], ""detail_count"": 6, ""has_details"": true, ""details_text"": ""전방 충돌방지 보조(교차 차량/측방 접근차/추월시 대향차/회피 조향 보조 기능 포함); 스마트 크루즈 컨트롤(운전 스타일 연동); 내비게이션 기반 스마트 크루즈 컨트롤(고속도로/자동차 전용도로 內 진출입로); 고속도로 주행 보조 2(차로변경 보조 기능 포함); 후석 승객 알림; 후측방 충돌방지 보조(주행)""}, {""order"": 4, ""name"": ""HUD+빌트인캠2"", ""details"": [""헤드업 디스플레이"", ""빌트인 캠 2"", ""증강현실 내비게이션""], ""detail_count"": 3, ""has_details"": true, ""details_text"": ""헤드업 디스플레이; 빌트인 캠 2; 증강현실 내비게이션""}, {""order"": 5, ""name"": ""KRELL사운드"", ""details"": [""KRELL 프리미엄 사운드(12스피커, 외장앰프)"", ""※ 7인승 선택 시 도어타입 러기지 트레이 미적용""], ""detail_count"": 2, ""has_details"": true, ""details_text"": ""KRELL 프리미엄 사운드(12스피커, 외장앰프); ※ 7인승 선택 시 도어타입 러기지 트레이 미적용""}, {""order"": 6, ""name"": ""모니터링팩"", ""details"": [""서라운드 뷰 모니터"", ""후측방 모니터"", ""리모트 360도 뷰(내 차 주변 영상)"", ""후방 주차 충돌방지 보조"", ""측방 주차 거리 경고"", ""원격 스마트 주차 보조""], ""detail_count"": 6, ""has_details"": true, ""details_text"": ""서라운드 뷰 모니터; 후측방 모니터; 리모트 360도 뷰(내 차 주변 영상); 후방 주차 충돌방지 보조; 측방 주차 거리 경고; 원격 스마트 주차 보조""}, {""order"": 7, ""name"": ""스마트커넥트"", ""details"": [""기아 디지털 키 2"", ""터치타입 아웃사이드 도어핸들(1열)"", ""지문 인증 시스템"", ""디지털 센터 미러""], ""detail_count"": 4, ""has_details"": true, ""details_text"": ""기아 디지털 키 2; 터치타입 아웃사이드 도어핸들(1열); 지문 인증 시스템; 디지털 센터 미러""}, {""order"": 8, ""name"": ""스타일"", ""details"": [""프로젝션 LED 헤드램프"", ""LED 포그램프"", ""프론트/리어 LED 턴시그널램프"", ""LED 리어 콤비네이션램프""], ""detail_count"": 4, ""has_details"": true, ""details_text"": ""프로젝션 LED 헤드램프; LED 포그램프; 프론트/리어 LED 턴시그널램프; LED 리어 콤비네이션램프""}]",2026-06-26T09:12:45.348038+00:00,2026-07-01T05:44:55.502408+00:00,2026-07-01T05:44:55.502408+00:00,,119,0
320버8579,available,10831,https://cpo.kia.com/products/detail/?id=10831,48350000,"4,835만원",2024,2024-02-19,2024년 02월,31486,"31,486km",카니발 7인승 자가용 1.6 HEV 시그니처,1.6 가솔린 하이브리드,HYBRID,하이브리드,시그니처,시그니처,PREMIUM,6000000,600만원,102,13,가죽시트; 내비게이션; 무선충전; 전동트렁크; 썬루프; 스마트키; 운전석 열선시트; 후방 주차거리경고; 첨단 운전자 보조 (ADAS); 운전석 통풍시트; 하이패스; 헤드업 디스플레이; 후방카메라,컴포트; 듀얼선루프; 드라이브와이즈; HUD+빌트인캠2; 모니터링팩; 스타일,6,24,"[{""order"": 1, ""name"": ""컴포트"", ""details"": [""2열 다이내믹 바디케어시트"", ""UV-C 살균 암레스트 수납함"", ""에어컨 광촉매 살균 시스템"", ""항균 처리 고성능 콤비 필터""], ""detail_count"": 4, ""has_details"": true, ""details_text"": ""2열 다이내믹 바디케어시트; UV-C 살균 암레스트 수납함; 에어컨 광촉매 살균 시스템; 항균 처리 고성능 콤비 필터""}, {""order"": 2, ""name"": ""듀얼선루프"", ""details"": [""듀얼선루프""], ""detail_count"": 1, ""has_details"": true, ""details_text"": ""듀얼선루프""}, {""order"": 3, ""name"": ""드라이브와이즈"", ""details"": [""전방 충돌방지 보조(교차 차량/측방 접근차/추월시 대향차/회피 조향 보조 기능 포함)"", ""스마트 크루즈 컨트롤(운전 스타일 연동)"", ""내비게이션 기반 스마트 크루즈 컨트롤(고속도로/자동차 전용도로 內 진출입로)"", ""고속도로 주행 보조 2(차로변경 보조 기능 포함)"", ""후석 승객 알림"", ""후측방 충돌방지 보조(주행)""], ""detail_count"": 6, ""has_details"": true, ""details_text"": ""전방 충돌방지 보조(교차 차량/측방 접근차/추월시 대향차/회피 조향 보조 기능 포함); 스마트 크루즈 컨트롤(운전 스타일 연동); 내비게이션 기반 스마트 크루즈 컨트롤(고속도로/자동차 전용도로 內 진출입로); 고속도로 주행 보조 2(차로변경 보조 기능 포함); 후석 승객 알림; 후측방 충돌방지 보조(주행)""}, {""order"": 4, ""name"": ""HUD+빌트인캠2"", ""details"": [""헤드업 디스플레이"", ""빌트인 캠 2"", ""증강현실 내비게이션""], ""detail_count"": 3, ""has_details"": true, ""details_text"": ""헤드업 디스플레이; 빌트인 캠 2; 증강현실 내비게이션""}, {""order"": 5, ""name"": ""모니터링팩"", ""details"": [""서라운드 뷰 모니터"", ""후측방 모니터"", ""리모트 360도 뷰(내 차 주변 영상)"", ""후방 주차 충돌방지 보조"", ""측방 주차 거리 경고"", ""원격 스마트 주차 보조""], ""detail_count"": 6, ""has_details"": true, ""details_text"": ""서라운드 뷰 모니터; 후측방 모니터; 리모트 360도 뷰(내 차 주변 영상); 후방 주차 충돌방지 보조; 측방 주차 거리 경고; 원격 스마트 주차 보조""}, {""order"": 6, ""name"": ""스타일"", ""details"": [""프로젝션 LED 헤드램프"", ""LED 포그램프"", ""프론트/리어 LED 턴시그널램프"", ""LED 리어 콤비네이션램프""], ""detail_count"": 4, ""has_details"": true, ""details_text"": ""프로젝션 LED 헤드램프; LED 포그램프; 프론트/리어 LED 턴시그널램프; LED 리어 콤비네이션램프""}]",2026-06-26T09:12:45.348038+00:00,2026-07-01T05:44:55.502408+00:00,2026-07-01T05:44:55.502408+00:00,,119,0
134구9508,available,12012,https://cpo.kia.com/products/detail/?id=12012,33410000,"3,341만원",2022,2021-07-23,2021년 07월,15732,"15,732km",카니발 7인승 자가용 3.5 가솔린 시그니처,3.5 가솔린,GASOLINE,가솔린,시그니처,시그니처,ESSENTIAL,3000000,300만원,86,12,가죽시트; 내비게이션; 무선충전; 전동트렁크; 썬루프; 스마트키; 운전석 열선시트; 후방 주차거리경고; 첨단 운전자 보조 (ADAS); 운전석 통풍시트; 하이패스; 후방카메라,듀얼선루프; 드라이브와이즈; 모니터링팩; 스마트커넥트; 스타일,5,19,"[{""order"": 1, ""name"": ""듀얼선루프"", ""details"": [""듀얼 선루프"", ""LED 실내등(맵램프, 룸램프, 러기지램프)""], ""detail_count"": 2, ""has_details"": true, ""details_text"": ""듀얼 선루프; LED 실내등(맵램프, 룸램프, 러기지램프)""}, {""order"": 2, ""name"": ""드라이브와이즈"", ""details"": [""후측방 충돌방지 보조"", ""후방 교차 충돌방지 보조"", ""후석 승객 알림"", ""안전 하차 경고""], ""detail_count"": 4, ""has_details"": true, ""details_text"": ""후측방 충돌방지 보조; 후방 교차 충돌방지 보조; 후석 승객 알림; 안전 하차 경고""}, {""order"": 3, ""name"": ""모니터링팩"", ""details"": [""서라운드 뷰 모니터"", ""후측방 모니터"", ""후방 주차 충돌방지 보조"", ""리모트 360도뷰(내 차 주변영상)""], ""detail_count"": 4, ""has_details"": true, ""details_text"": ""서라운드 뷰 모니터; 후측방 모니터; 후방 주차 충돌방지 보조; 리모트 360도뷰(내 차 주변영상)""}, {""order"": 4, ""name"": ""스마트커넥트"", ""details"": [""스마트폰 무선충전 시스템"", ""기아 디지털 키"", ""터치타입 아웃사이드 도어핸들(1열)"", ""빌트인 캠(주행 중 영상기록 장치)"", ""보조배터리""], ""detail_count"": 5, ""has_details"": true, ""details_text"": ""스마트폰 무선충전 시스템; 기아 디지털 키; 터치타입 아웃사이드 도어핸들(1열); 빌트인 캠(주행 중 영상기록 장치); 보조배터리""}, {""order"": 5, ""name"": ""스타일"", ""details"": [""프로젝션 LED 헤드램프"", ""프론트 LED 턴시그널램프"", ""LED 포그램프"", ""LED 리어 콤비네이션램프""], ""detail_count"": 4, ""has_details"": true, ""details_text"": ""프로젝션 LED 헤드램프; 프론트 LED 턴시그널램프; LED 포그램프; LED 리어 콤비네이션램프""}]",2026-06-26T09:12:45.348038+00:00,2026-07-01T05:44:55.502408+00:00,2026-07-01T05:44:55.502408+00:00,,119,0
278보5751,available,12275,https://cpo.kia.com/products/detail/?id=12275,45080000,"4,508만원",2025,2024-12-10,2024년 12월,63315,"63,315km",카니발 7인승 자가용 1.6 HEV 시그니처 7 25MY,1.6 가솔린 하이브리드,HYBRID,하이브리드,시그니처,시그니처,LITE,8000000,800만원,101,13,가죽시트; 내비게이션; 무선충전; 전동트렁크; 썬루프; 스마트키; 운전석 열선시트; 후방 주차거리경고; 첨단 운전자 보조 (ADAS); 운전석 통풍시트; 하이패스; 헤드업 디스플레이; 후방카메라,컴포트; 듀얼선루프; 드라이브와이즈; HUD+빌트인캠2; KRELL사운드; 모니터링팩; 스마트커넥트; 스타일,8,6,"[{""order"": 1, ""name"": ""컴포트"", ""details"": [""2열 통풍시트, 2열 파워 리클라이닝시트(풀플랫 포함, 워크인 기능 미적용), 확장형 센터콘솔, 3열 C타입 USB 단자(충전용, 2개), UV-C 살균 암레스트 수납함, 에어컨 광촉매 살균 시스템, 항균 처리 고성능 콤비 필터, 가죽시트""], ""detail_count"": 1, ""has_details"": true, ""details_text"": ""2열 통풍시트, 2열 파워 리클라이닝시트(풀플랫 포함, 워크인 기능 미적용), 확장형 센터콘솔, 3열 C타입 USB 단자(충전용, 2개), UV-C 살균 암레스트 수납함, 에어컨 광촉매 살균 시스템, 항균 처리 고성능 콤비 필터, 가죽시트""}, {""order"": 2, ""name"": ""듀얼선루프"", ""details"": [], ""detail_count"": 0, ""has_details"": false, ""details_text"": """"}, {""order"": 3, ""name"": ""드라이브와이즈"", ""details"": [""전방 충돌방지 보조(교차 차량/측방 접근차/추월시 대향차/회피 조향 보조 기능 포함), 스마트 크루즈 컨트롤(운전 스타일 연동),내비게이션 기반 스마트 크루즈 컨트롤(고속도로/자동차 전용도로 內 진출입로), 고속도로 주행 보조 2(차로변경 보조 기능 포함), 후석 승객 알림(센서 타입)""], ""detail_count"": 1, ""has_details"": true, ""details_text"": ""전방 충돌방지 보조(교차 차량/측방 접근차/추월시 대향차/회피 조향 보조 기능 포함), 스마트 크루즈 컨트롤(운전 스타일 연동),내비게이션 기반 스마트 크루즈 컨트롤(고속도로/자동차 전용도로 內 진출입로), 고속도로 주행 보조 2(차로변경 보조 기능 포함), 후석 승객 알림(센서 타입)""}, {""order"": 4, ""name"": ""HUD+빌트인캠2"", ""details"": [""헤드업 디스플레이, 빌트인 캠 2, 증강현실 내비게이션""], ""detail_count"": 1, ""has_details"": true, ""details_text"": ""헤드업 디스플레이, 빌트인 캠 2, 증강현실 내비게이션""}, {""order"": 5, ""name"": ""KRELL사운드"", ""details"": [""KRELL 프리미엄 사운드(12스피커, 외장앰프) ※ 7인승 선택 시 도어타입 러기지 트레이 미적""], ""detail_count"": 1, ""has_details"": true, ""details_text"": ""KRELL 프리미엄 사운드(12스피커, 외장앰프) ※ 7인승 선택 시 도어타입 러기지 트레이 미적""}, {""order"": 6, ""name"": ""모니터링팩"", ""details"": [""서라운드 뷰 모니터, 후측방 모니터, 리모트 360도 뷰(내 차 주변 영상), 후방 주차 충돌방지 보조, 측방 주차 거리 경고 ※ 노블레스 · 시그니처 · 그래비티 선택 시 원격 스마트 주차 보조 적용""], ""detail_count"": 1, ""has_details"": true, ""details_text"": ""서라운드 뷰 모니터, 후측방 모니터, 리모트 360도 뷰(내 차 주변 영상), 후방 주차 충돌방지 보조, 측방 주차 거리 경고 ※ 노블레스 · 시그니처 · 그래비티 선택 시 원격 스마트 주차 보조 적용""}, {""order"": 7, ""name"": ""스마트커넥트"", ""details"": [""지문 인증 시스템, 디지털 센터 미러""], ""detail_count"": 1, ""has_details"": true, ""details_text"": ""지문 인증 시스템, 디지털 센터 미러""}, {""order"": 8, ""name"": ""스타일"", ""details"": [], ""detail_count"": 0, ""has_details"": false, ""details_text"": """"}]",2026-06-26T09:12:45.348038+00:00,2026-07-01T05:44:55.502408+00:00,2026-07-01T05:44:55.502408+00:00,,119,0
102조3551,available,12318,https://cpo.kia.com/products/detail/?id=12318,32500000,"3,250만원",2023,2023-08-10,2023년 08월,34667,"34,667km",카니발 7인승 자가용 3.5 가솔린 노블레스,3.5 가솔린,GASOLINE,가솔린,노블레스,노블레스,PREMIUM,5000000,500만원,63,12,가죽시트; 내비게이션; 무선충전; 전동트렁크; 썬루프; 스마트키; 운전석 열선시트; 후방 주차거리경고; 첨단 운전자 보조 (ADAS); 운전석 통풍시트; 하이패스; 후방카메라,듀얼선루프; 드라이브와이즈; KRELL사운드; 모니터링팩; 스타일; 내비게이션,6,24,"[{""order"": 1, ""name"": ""듀얼선루프"", ""details"": [""듀얼 선루프"", ""LED 실내등(맵램프, 룸램프, 러기지램프)""], ""detail_count"": 2, ""has_details"": true, ""details_text"": ""듀얼 선루프; LED 실내등(맵램프, 룸램프, 러기지램프)""}, {""order"": 2, ""name"": ""드라이브와이즈"", ""details"": [""후측방 충돌방지 보조"", ""후방 교차 충돌방지 보조"", ""후석 승객 알림"", ""안전 하차 경고""], ""detail_count"": 4, ""has_details"": true, ""details_text"": ""후측방 충돌방지 보조; 후방 교차 충돌방지 보조; 후석 승객 알림; 안전 하차 경고""}, {""order"": 3, ""name"": ""KRELL사운드"", ""details"": [""KRELL 프리미엄 사운드(12스피커, 외장앰프)""], ""detail_count"": 1, ""has_details"": true, ""details_text"": ""KRELL 프리미엄 사운드(12스피커, 외장앰프)""}, {""order"": 4, ""name"": ""모니터링팩"", ""details"": [""서라운드 뷰 모니터"", ""후측방 모니터"", ""후방 주차 충돌방지 보조"", ""리모트 36도뷰(내 차 주변영상)"", ""슈퍼비전 클러스터(12.3인치 풀사이즈 칼라 TFT LCD)""], ""detail_count"": 5, ""has_details"": true, ""details_text"": ""서라운드 뷰 모니터; 후측방 모니터; 후방 주차 충돌방지 보조; 리모트 36도뷰(내 차 주변영상); 슈퍼비전 클러스터(12.3인치 풀사이즈 칼라 TFT LCD)""}, {""order"": 5, ""name"": ""스타일"", ""details"": [""프로젝션 LED 헤드램프"", ""프론트 LED 턴시그널램프"", ""LED 포그램프"", ""LED 리어 콤비네이션램프""], ""detail_count"": 4, ""has_details"": true, ""details_text"": ""프로젝션 LED 헤드램프; 프론트 LED 턴시그널램프; LED 포그램프; LED 리어 콤비네이션램프""}, {""order"": 6, ""name"": ""내비게이션"", ""details"": [""12.3인치 내비게이션(기아 커넥트, 폰 프로젝션, 기아 페이)"", ""내비게이션 무선 업데이트"", ""8스피커"", ""후석 음성인식"", ""후석 대화모드"", ""내비게이션 기반 스마트 크루즈 컨트롤(고속도로/자동차 전용도로 內 안전구간/곡선로)"", ""고속도로 주행 보조"", ""외부공기 유입방지 제어""], ""detail_count"": 8, ""has_details"": true, ""details_text"": ""12.3인치 내비게이션(기아 커넥트, 폰 프로젝션, 기아 페이); 내비게이션 무선 업데이트; 8스피커; 후석 음성인식; 후석 대화모드; 내비게이션 기반 스마트 크루즈 컨트롤(고속도로/자동차 전용도로 內 안전구간/곡선로); 고속도로 주행 보조; 외부공기 유입방지 제어""}]",2026-06-26T09:12:45.348038+00:00,2026-07-01T05:44:55.502408+00:00,2026-07-01T05:44:55.502408+00:00,,119,0
183우3075,available,12323,https://cpo.kia.com/products/detail/?id=12323,29810000,"2,981만원",2022,2021-08-13,2021년 08월,73483,"73,483km",카니발 7인승 자가용 3.5 가솔린 시그니처,3.5 가솔린,GASOLINE,가솔린,시그니처,시그니처,LITE,3000000,300만원,86,12,가죽시트; 내비게이션; 무선충전; 전동트렁크; 썬루프; 스마트키; 운전석 열선시트; 후방 주차거리경고; 첨단 운전자 보조 (ADAS); 운전석 통풍시트; 하이패스; 후방카메라,듀얼선루프; 드라이브와이즈; KRELL사운드; 모니터링팩; 스타일,5,15,"[{""order"": 1, ""name"": ""듀얼선루프"", ""details"": [""듀얼 선루프"", ""LED 실내등(맵램프, 룸램프, 러기지램프)""], ""detail_count"": 2, ""has_details"": true, ""details_text"": ""듀얼 선루프; LED 실내등(맵램프, 룸램프, 러기지램프)""}, {""order"": 2, ""name"": ""드라이브와이즈"", ""details"": [""후측방 충돌방지 보조"", ""후방 교차 충돌방지 보조"", ""후석 승객 알림"", ""안전 하차 경고""], ""detail_count"": 4, ""has_details"": true, ""details_text"": ""후측방 충돌방지 보조; 후방 교차 충돌방지 보조; 후석 승객 알림; 안전 하차 경고""}, {""order"": 3, ""name"": ""KRELL사운드"", ""details"": [""KRELL 프리미엄 사운드 (12 스피커, 외장앰프)""], ""detail_count"": 1, ""has_details"": true, ""details_text"": ""KRELL 프리미엄 사운드 (12 스피커, 외장앰프)""}, {""order"": 4, ""name"": ""모니터링팩"", ""details"": [""서라운드 뷰 모니터"", ""후측방 모니터"", ""후방 주차 충돌방지 보조"", ""리모트 360도뷰(내 차 주변영상)""], ""detail_count"": 4, ""has_details"": true, ""details_text"": ""서라운드 뷰 모니터; 후측방 모니터; 후방 주차 충돌방지 보조; 리모트 360도뷰(내 차 주변영상)""}, {""order"": 5, ""name"": ""스타일"", ""details"": [""프로젝션 LED 헤드램프"", ""프론트 LED 턴시그널램프"", ""LED 포그램프"", ""LED 리어 콤비네이션램프""], ""detail_count"": 4, ""has_details"": true, ""details_text"": ""프로젝션 LED 헤드램프; 프론트 LED 턴시그널램프; LED 포그램프; LED 리어 콤비네이션램프""}]",2026-06-26T09:12:45.348038+00:00,2026-07-01T05:44:55.502408+00:00,2026-07-01T05:44:55.502408+00:00,,119,0
231러1395,available,10893,https://cpo.kia.com/products/detail/?id=10893,50980000,"5,098만원",2024,2024-02-05,2024년 02월,24201,"24,201km",카니발 7인승 자가용 1.6 HEV 시그니처,1.6 가솔린 하이브리드,HYBRID,하이브리드,시그니처,시그니처,PREMIUM,7000000,700만원,102,13,가죽시트; 내비게이션; 무선충전; 전동트렁크; 썬루프; 스마트키; 운전석 열선시트; 후방 주차거리경고; 첨단 운전자 보조 (ADAS); 운전석 통풍시트; 하이패스; 헤드업 디스플레이; 후방카메라,컴포트; 듀얼선루프; 드라이브와이즈; HUD+빌트인캠2; 모니터링팩; 스마트커넥트; 스타일,7,28,"[{""order"": 1, ""name"": ""컴포트"", ""details"": [""2열 다이내믹 바디케어시트"", ""UV-C 살균 암레스트 수납함"", ""에어컨 광촉매 살균 시스템"", ""항균 처리 고성능 콤비 필터""], ""detail_count"": 4, ""has_details"": true, ""details_text"": ""2열 다이내믹 바디케어시트; UV-C 살균 암레스트 수납함; 에어컨 광촉매 살균 시스템; 항균 처리 고성능 콤비 필터""}, {""order"": 2, ""name"": ""듀얼선루프"", ""details"": [""듀얼선루프""], ""detail_count"": 1, ""has_details"": true, ""details_text"": ""듀얼선루프""}, {""order"": 3, ""name"": ""드라이브와이즈"", ""details"": [""전방 충돌방지 보조(교차 차량/측방 접근차/추월시 대향차/회피 조향 보조 기능 포함)"", ""스마트 크루즈 컨트롤(운전 스타일 연동)"", ""내비게이션 기반 스마트 크루즈 컨트롤(고속도로/자동차 전용도로 內 진출입로)"", ""고속도로 주행 보조 2(차로변경 보조 기능 포함)"", ""후석 승객 알림"", ""후측방 충돌방지 보조(주행)""], ""detail_count"": 6, ""has_details"": true, ""details_text"": ""전방 충돌방지 보조(교차 차량/측방 접근차/추월시 대향차/회피 조향 보조 기능 포함); 스마트 크루즈 컨트롤(운전 스타일 연동); 내비게이션 기반 스마트 크루즈 컨트롤(고속도로/자동차 전용도로 內 진출입로); 고속도로 주행 보조 2(차로변경 보조 기능 포함); 후석 승객 알림; 후측방 충돌방지 보조(주행)""}, {""order"": 4, ""name"": ""HUD+빌트인캠2"", ""details"": [""헤드업 디스플레이"", ""빌트인 캠 2"", ""증강현실 내비게이션""], ""detail_count"": 3, ""has_details"": true, ""details_text"": ""헤드업 디스플레이; 빌트인 캠 2; 증강현실 내비게이션""}, {""order"": 5, ""name"": ""모니터링팩"", ""details"": [""서라운드 뷰 모니터"", ""후측방 모니터"", ""리모트 360도 뷰(내 차 주변 영상)"", ""후방 주차 충돌방지 보조"", ""측방 주차 거리 경고"", ""원격 스마트 주차 보조""], ""detail_count"": 6, ""has_details"": true, ""details_text"": ""서라운드 뷰 모니터; 후측방 모니터; 리모트 360도 뷰(내 차 주변 영상); 후방 주차 충돌방지 보조; 측방 주차 거리 경고; 원격 스마트 주차 보조""}, {""order"": 6, ""name"": ""스마트커넥트"", ""details"": [""기아 디지털 키 2"", ""터치타입 아웃사이드 도어핸들(1열)"", ""지문 인증 시스템"", ""디지털 센터 미러""], ""detail_count"": 4, ""has_details"": true, ""details_text"": ""기아 디지털 키 2; 터치타입 아웃사이드 도어핸들(1열); 지문 인증 시스템; 디지털 센터 미러""}, {""order"": 7, ""name"": ""스타일"", ""details"": [""프로젝션 LED 헤드램프"", ""LED 포그램프"", ""프론트/리어 LED 턴시그널램프"", ""LED 리어 콤비네이션램프""], ""detail_count"": 4, ""has_details"": true, ""details_text"": ""프로젝션 LED 헤드램프; LED 포그램프; 프론트/리어 LED 턴시그널램프; LED 리어 콤비네이션램프""}]",2026-06-26T09:12:45.348038+00:00,2026-07-01T05:44:55.502408+00:00,2026-07-01T05:44:55.502408+00:00,,119,0
388모3745,available,12121,https://cpo.kia.com/products/detail/?id=12121,41960000,"4,196만원",2024,2024-01-26,2024년 01월,69356,"69,356km",카니발 7인승 자가용 1.6 HEV 시그니처,1.6 가솔린 하이브리드,HYBRID,하이브리드,시그니처,시그니처,LITE,7000000,700만원,102,13,가죽시트; 내비게이션; 무선충전; 전동트렁크; 썬루프; 스마트키; 운전석 열선시트; 후방 주차거리경고; 첨단 운전자 보조 (ADAS); 운전석 통풍시트; 하이패스; 헤드업 디스플레이; 후방카메라,컴포트; 듀얼선루프; 드라이브와이즈; HUD+빌트인캠2; 모니터링팩; 스마트커넥트; 스타일,7,28,"[{""order"": 1, ""name"": ""컴포트"", ""details"": [""2열 다이내믹 바디케어시트"", ""UV-C 살균 암레스트 수납함"", ""에어컨 광촉매 살균 시스템"", ""항균 처리 고성능 콤비 필터""], ""detail_count"": 4, ""has_details"": true, ""details_text"": ""2열 다이내믹 바디케어시트; UV-C 살균 암레스트 수납함; 에어컨 광촉매 살균 시스템; 항균 처리 고성능 콤비 필터""}, {""order"": 2, ""name"": ""듀얼선루프"", ""details"": [""듀얼선루프""], ""detail_count"": 1, ""has_details"": true, ""details_text"": ""듀얼선루프""}, {""order"": 3, ""name"": ""드라이브와이즈"", ""details"": [""전방 충돌방지 보조(교차 차량/측방 접근차/추월시 대향차/회피 조향 보조 기능 포함)"", ""스마트 크루즈 컨트롤(운전 스타일 연동)"", ""내비게이션 기반 스마트 크루즈 컨트롤(고속도로/자동차 전용도로 內 진출입로)"", ""고속도로 주행 보조 2(차로변경 보조 기능 포함)"", ""후석 승객 알림"", ""후측방 충돌방지 보조(주행)""], ""detail_count"": 6, ""has_details"": true, ""details_text"": ""전방 충돌방지 보조(교차 차량/측방 접근차/추월시 대향차/회피 조향 보조 기능 포함); 스마트 크루즈 컨트롤(운전 스타일 연동); 내비게이션 기반 스마트 크루즈 컨트롤(고속도로/자동차 전용도로 內 진출입로); 고속도로 주행 보조 2(차로변경 보조 기능 포함); 후석 승객 알림; 후측방 충돌방지 보조(주행)""}, {""order"": 4, ""name"": ""HUD+빌트인캠2"", ""details"": [""헤드업 디스플레이"", ""빌트인 캠 2"", ""증강현실 내비게이션""], ""detail_count"": 3, ""has_details"": true, ""details_text"": ""헤드업 디스플레이; 빌트인 캠 2; 증강현실 내비게이션""}, {""order"": 5, ""name"": ""모니터링팩"", ""details"": [""서라운드 뷰 모니터"", ""후측방 모니터"", ""리모트 360도 뷰(내 차 주변 영상)"", ""후방 주차 충돌방지 보조"", ""측방 주차 거리 경고"", ""원격 스마트 주차 보조""], ""detail_count"": 6, ""has_details"": true, ""details_text"": ""서라운드 뷰 모니터; 후측방 모니터; 리모트 360도 뷰(내 차 주변 영상); 후방 주차 충돌방지 보조; 측방 주차 거리 경고; 원격 스마트 주차 보조""}, {""order"": 6, ""name"": ""스마트커넥트"", ""details"": [""기아 디지털 키 2"", ""터치타입 아웃사이드 도어핸들(1열)"", ""지문 인증 시스템"", ""디지털 센터 미러""], ""detail_count"": 4, ""has_details"": true, ""details_text"": ""기아 디지털 키 2; 터치타입 아웃사이드 도어핸들(1열); 지문 인증 시스템; 디지털 센터 미러""}, {""order"": 7, ""name"": ""스타일"", ""details"": [""프로젝션 LED 헤드램프"", ""LED 포그램프"", ""프론트/리어 LED 턴시그널램프"", ""LED 리어 콤비네이션램프""], ""detail_count"": 4, ""has_details"": true, ""details_text"": ""프로젝션 LED 헤드램프; LED 포그램프; 프론트/리어 LED 턴시그널램프; LED 리어 콤비네이션램프""}]",2026-06-26T09:12:45.348038+00:00,2026-07-01T05:44:55.502408+00:00,2026-07-01T05:44:55.502408+00:00,,119,0
187부7059,available,11725,https://cpo.kia.com/products/detail/?id=11725,31280000,"3,128만원",2023,2022-11-18,2022년 11월,20913,"20,913km",카니발 7인승 자가용 3.5 가솔린 노블레스,3.5 가솔린,GASOLINE,가솔린,노블레스,노블레스,LITE,4000000,400만원,63,12,가죽시트; 내비게이션; 무선충전; 전동트렁크; 썬루프; 스마트키; 운전석 열선시트; 후방 주차거리경고; 첨단 운전자 보조 (ADAS); 운전석 통풍시트; 하이패스; 후방카메라,듀얼선루프; 드라이브와이즈; 모니터링팩; 스타일; 내비게이션,5,23,"[{""order"": 1, ""name"": ""듀얼선루프"", ""details"": [""듀얼 선루프"", ""LED 실내등(맵램프, 룸램프, 러기지램프)""], ""detail_count"": 2, ""has_details"": true, ""details_text"": ""듀얼 선루프; LED 실내등(맵램프, 룸램프, 러기지램프)""}, {""order"": 2, ""name"": ""드라이브와이즈"", ""details"": [""후측방 충돌방지 보조"", ""후방 교차 충돌방지 보조"", ""후석 승객 알림"", ""안전 하차 경고""], ""detail_count"": 4, ""has_details"": true, ""details_text"": ""후측방 충돌방지 보조; 후방 교차 충돌방지 보조; 후석 승객 알림; 안전 하차 경고""}, {""order"": 3, ""name"": ""모니터링팩"", ""details"": [""서라운드 뷰 모니터"", ""후측방 모니터"", ""후방 주차 충돌방지 보조"", ""리모트 36도뷰(내 차 주변영상)"", ""슈퍼비전 클러스터(12.3인치 풀사이즈 칼라 TFT LCD)""], ""detail_count"": 5, ""has_details"": true, ""details_text"": ""서라운드 뷰 모니터; 후측방 모니터; 후방 주차 충돌방지 보조; 리모트 36도뷰(내 차 주변영상); 슈퍼비전 클러스터(12.3인치 풀사이즈 칼라 TFT LCD)""}, {""order"": 4, ""name"": ""스타일"", ""details"": [""프로젝션 LED 헤드램프"", ""프론트 LED 턴시그널램프"", ""LED 포그램프"", ""LED 리어 콤비네이션램프""], ""detail_count"": 4, ""has_details"": true, ""details_text"": ""프로젝션 LED 헤드램프; 프론트 LED 턴시그널램프; LED 포그램프; LED 리어 콤비네이션램프""}, {""order"": 5, ""name"": ""내비게이션"", ""details"": [""12.3인치 내비게이션(기아 커넥트, 폰 프로젝션, 기아 페이)"", ""내비게이션 무선 업데이트"", ""8스피커"", ""후석 음성인식"", ""후석 대화모드"", ""내비게이션 기반 스마트 크루즈 컨트롤(고속도로/자동차 전용도로 內 안전구간/곡선로)"", ""고속도로 주행 보조"", ""외부공기 유입방지 제어""], ""detail_count"": 8, ""has_details"": true, ""details_text"": ""12.3인치 내비게이션(기아 커넥트, 폰 프로젝션, 기아 페이); 내비게이션 무선 업데이트; 8스피커; 후석 음성인식; 후석 대화모드; 내비게이션 기반 스마트 크루즈 컨트롤(고속도로/자동차 전용도로 內 안전구간/곡선로); 고속도로 주행 보조; 외부공기 유입방지 제어""}]",2026-06-26T09:12:45.348038+00:00,2026-07-01T05:44:55.502408+00:00,2026-07-01T05:44:55.502408+00:00,,119,0
310거7258,available,11305,https://cpo.kia.com/products/detail/?id=11305,42990000,"4,299만원",2022,2022-03-28,2022년 03월,38734,"38,734km",카니발 7인승 자가용 3.5 가솔린 시그니처,3.5 가솔린,GASOLINE,가솔린,시그니처,시그니처,PREMIUM,4000000,400만원,86,12,가죽시트; 내비게이션; 무선충전; 전동트렁크; 썬루프; 스마트키; 운전석 열선시트; 후방 주차거리경고; 첨단 운전자 보조 (ADAS); 운전석 통풍시트; 하이패스; 후방카메라,듀얼선루프; 드라이브와이즈; KRELL사운드; 모니터링팩; 원격주차보조; 스마트커넥트; 스타일,7,21,"[{""order"": 1, ""name"": ""듀얼선루프"", ""details"": [""듀얼 선루프"", ""LED 실내등(맵램프, 룸램프, 러기지램프)""], ""detail_count"": 2, ""has_details"": true, ""details_text"": ""듀얼 선루프; LED 실내등(맵램프, 룸램프, 러기지램프)""}, {""order"": 2, ""name"": ""드라이브와이즈"", ""details"": [""후측방 충돌방지 보조"", ""후방 교차 충돌방지 보조"", ""후석 승객 알림"", ""안전 하차 경고""], ""detail_count"": 4, ""has_details"": true, ""details_text"": ""후측방 충돌방지 보조; 후방 교차 충돌방지 보조; 후석 승객 알림; 안전 하차 경고""}, {""order"": 3, ""name"": ""KRELL사운드"", ""details"": [""KRELL 프리미엄 사운드 (12 스피커, 외장앰프)""], ""detail_count"": 1, ""has_details"": true, ""details_text"": ""KRELL 프리미엄 사운드 (12 스피커, 외장앰프)""}, {""order"": 4, ""name"": ""모니터링팩"", ""details"": [""서라운드 뷰 모니터"", ""후측방 모니터"", ""후방 주차 충돌방지 보조"", ""리모트 360도뷰(내 차 주변영상)""], ""detail_count"": 4, ""has_details"": true, ""details_text"": ""서라운드 뷰 모니터; 후측방 모니터; 후방 주차 충돌방지 보조; 리모트 360도뷰(내 차 주변영상)""}, {""order"": 5, ""name"": ""원격주차보조"", ""details"": [""원격스마트주차보조""], ""detail_count"": 1, ""has_details"": true, ""details_text"": ""원격스마트주차보조""}, {""order"": 6, ""name"": ""스마트커넥트"", ""details"": [""스마트폰 무선충전 시스템"", ""기아 디지털 키"", ""터치타입 아웃사이드 도어핸들(1열)"", ""빌트인 캠(주행 중 영상기록 장치)"", ""보조배터리""], ""detail_count"": 5, ""has_details"": true, ""details_text"": ""스마트폰 무선충전 시스템; 기아 디지털 키; 터치타입 아웃사이드 도어핸들(1열); 빌트인 캠(주행 중 영상기록 장치); 보조배터리""}, {""order"": 7, ""name"": ""스타일"", ""details"": [""프로젝션 LED 헤드램프"", ""프론트 LED 턴시그널램프"", ""LED 포그램프"", ""LED 리어 콤비네이션램프""], ""detail_count"": 4, ""has_details"": true, ""details_text"": ""프로젝션 LED 헤드램프; 프론트 LED 턴시그널램프; LED 포그램프; LED 리어 콤비네이션램프""}]",2026-06-26T09:12:45.348038+00:00,2026-07-01T05:44:55.502408+00:00,2026-07-01T05:44:55.502408+00:00,,119,0
166다2586,sold_out,12291,https://cpo.kia.com/products/detail/?id=12291,34900000,"3,490만원",2023,2023-05-24,2023년 05월,23403,"23,403km",카니발 7인승 자가용 3.5 가솔린 시그니처,3.5 가솔린,GASOLINE,가솔린,시그니처,시그니처,PREMIUM,2000000,200만원,95,12,가죽시트; 내비게이션; 무선충전; 전동트렁크; 썬루프; 스마트키; 운전석 열선시트; 후방 주차거리경고; 첨단 운전자 보조 (ADAS); 운전석 통풍시트; 하이패스; 후방카메라,듀얼선루프; 드라이브와이즈; 모니터링팩; 원격주차보조; 스타일,5,16,"[{""order"": 1, ""name"": ""듀얼선루프"", ""details"": [""듀얼 선루프"", ""LED 실내등(맵램프, 룸램프, 러기지램프)""], ""detail_count"": 2, ""has_details"": true, ""details_text"": ""듀얼 선루프; LED 실내등(맵램프, 룸램프, 러기지램프)""}, {""order"": 2, ""name"": ""드라이브와이즈"", ""details"": [""후측방 충돌방지 보조"", ""후방 교차 충돌방지 보조"", ""후석 승객 알림"", ""안전 하차 경고""], ""detail_count"": 4, ""has_details"": true, ""details_text"": ""후측방 충돌방지 보조; 후방 교차 충돌방지 보조; 후석 승객 알림; 안전 하차 경고""}, {""order"": 3, ""name"": ""모니터링팩"", ""details"": [""서라운드 뷰 모니터"", ""후측방 모니터"", ""후방 주차 충돌방지 보조"", ""리모트 360도뷰(내 차 주변영상)""], ""detail_count"": 4, ""has_details"": true, ""details_text"": ""서라운드 뷰 모니터; 후측방 모니터; 후방 주차 충돌방지 보조; 리모트 360도뷰(내 차 주변영상)""}, {""order"": 4, ""name"": ""원격주차보조"", ""details"": [""원격스마트주차보조""], ""detail_count"": 1, ""has_details"": true, ""details_text"": ""원격스마트주차보조""}, {""order"": 5, ""name"": ""스타일"", ""details"": [""프로젝션 LED 헤드램프"", ""프론트 LED 턴시그널램프"", ""LED 포그램프"", ""LED 리어 콤비네이션램프"", ""235/55 R19 컨티넨탈 타이어&전면가공 휠""], ""detail_count"": 5, ""has_details"": true, ""details_text"": ""프로젝션 LED 헤드램프; 프론트 LED 턴시그널램프; LED 포그램프; LED 리어 콤비네이션램프; 235/55 R19 컨티넨탈 타이어&전면가공 휠""}]",2026-06-26T09:12:45.348038+00:00,2026-06-29T07:13:45.095703+00:00,2026-07-01T05:44:55.502408+00:00,2026-06-29T09:04:59.156954+00:00,25,46
179거2432,sold_out,12428,https://cpo.kia.com/products/detail/?id=12428,36750000,"3,675만원",2025,2024-11-22,2024년 11월,25024,"25,024km",카니발 7인승 자가용 3.5 가솔린 노블레스 7 25MY,3.5 가솔린,GASOLINE,가솔린,노블레스,노블레스,PREMIUM,4000000,400만원,91,12,가죽시트; 내비게이션; 무선충전; 전동트렁크; 썬루프; 스마트키; 운전석 열선시트; 후방 주차거리경고; 첨단 운전자 보조 (ADAS); 운전석 통풍시트; 하이패스; 후방카메라,듀얼선루프; 드라이브와이즈; 모니터링팩; 스타일,4,3,"[{""order"": 1, ""name"": ""듀얼선루프"", ""details"": [], ""detail_count"": 0, ""has_details"": false, ""details_text"": """"}, {""order"": 2, ""name"": ""드라이브와이즈"", ""details"": [""전방 충돌방지 보조(교차 차량/측방 접근차/추월시 대향차/회피 조향 보조 기능 포함), 스마트 크루즈 컨트롤(운전 스타일 연동),내비게이션 기반 스마트 크루즈 컨트롤(고속도로/자동차 전용도로 內 진출입로), 고속도로 주행 보조 2(차로변경 보조 기능 포함), 후석 승객 알림(센서 타입)""], ""detail_count"": 1, ""has_details"": true, ""details_text"": ""전방 충돌방지 보조(교차 차량/측방 접근차/추월시 대향차/회피 조향 보조 기능 포함), 스마트 크루즈 컨트롤(운전 스타일 연동),내비게이션 기반 스마트 크루즈 컨트롤(고속도로/자동차 전용도로 內 진출입로), 고속도로 주행 보조 2(차로변경 보조 기능 포함), 후석 승객 알림(센서 타입)""}, {""order"": 3, ""name"": ""모니터링팩"", ""details"": [""서라운드 뷰 모니터, 후측방 모니터, 리모트 360도 뷰(내 차 주변 영상), 후방 주차 충돌방지 보조, 측방 주차 거리 경고 ※ 노블레스 · 시그니처 · 그래비티 선택 시 원격 스마트 주차 보조 적용""], ""detail_count"": 1, ""has_details"": true, ""details_text"": ""서라운드 뷰 모니터, 후측방 모니터, 리모트 360도 뷰(내 차 주변 영상), 후방 주차 충돌방지 보조, 측방 주차 거리 경고 ※ 노블레스 · 시그니처 · 그래비티 선택 시 원격 스마트 주차 보조 적용""}, {""order"": 4, ""name"": ""스타일"", ""details"": [""프로젝션 LED 헤드램프, LED 포그램프, 프론트/리어 LED 턴시그널램프, LED 리어 콤비네이션램프""], ""detail_count"": 1, ""has_details"": true, ""details_text"": ""프로젝션 LED 헤드램프, LED 포그램프, 프론트/리어 LED 턴시그널램프, LED 리어 콤비네이션램프""}]",2026-06-26T09:12:45.348038+00:00,2026-06-30T02:15:40.296779+00:00,2026-07-01T05:44:55.502408+00:00,2026-06-30T03:37:36.393250+00:00,92,27
311누4173,sold_out,10543,https://cpo.kia.com/products/detail/?id=10543,45180000,"4,518만원",2024,2023-12-05,2023년 12월,21437,"21,437km",카니발 7인승 자가용 3.5 가솔린 그래비티,3.5 가솔린,GASOLINE,가솔린,시그니처 그래비티,시그니처 그래비티,PREMIUM,7000000,700만원,99,13,가죽시트; 내비게이션; 무선충전; 전동트렁크; 썬루프; 스마트키; 운전석 열선시트; 후방 주차거리경고; 첨단 운전자 보조 (ADAS); 운전석 통풍시트; 하이패스; 헤드업 디스플레이; 후방카메라,컴포트; 듀얼선루프; 드라이브와이즈; HUD+빌트인캠2; KRELL사운드; 모니터링팩; 스마트커넥트,7,26,"[{""order"": 1, ""name"": ""컴포트"", ""details"": [""2열 다이내믹 바디케어시트"", ""UV-C 살균 암레스트 수납함"", ""에어컨 광촉매 살균 시스템"", ""항균 처리 고성능 콤비 필터""], ""detail_count"": 4, ""has_details"": true, ""details_text"": ""2열 다이내믹 바디케어시트; UV-C 살균 암레스트 수납함; 에어컨 광촉매 살균 시스템; 항균 처리 고성능 콤비 필터""}, {""order"": 2, ""name"": ""듀얼선루프"", ""details"": [""듀얼선루프""], ""detail_count"": 1, ""has_details"": true, ""details_text"": ""듀얼선루프""}, {""order"": 3, ""name"": ""드라이브와이즈"", ""details"": [""전방 충돌방지 보조(교차 차량/측방 접근차/추월시 대향차/회피 조향 보조 기능 포함)"", ""스마트 크루즈 컨트롤(운전 스타일 연동)"", ""내비게이션 기반 스마트 크루즈 컨트롤(고속도로/자동차 전용도로 內 진출입로)"", ""고속도로 주행 보조 2(차로변경 보조 기능 포함)"", ""후석 승객 알림"", ""후측방 충돌방지 보조(주행)""], ""detail_count"": 6, ""has_details"": true, ""details_text"": ""전방 충돌방지 보조(교차 차량/측방 접근차/추월시 대향차/회피 조향 보조 기능 포함); 스마트 크루즈 컨트롤(운전 스타일 연동); 내비게이션 기반 스마트 크루즈 컨트롤(고속도로/자동차 전용도로 內 진출입로); 고속도로 주행 보조 2(차로변경 보조 기능 포함); 후석 승객 알림; 후측방 충돌방지 보조(주행)""}, {""order"": 4, ""name"": ""HUD+빌트인캠2"", ""details"": [""헤드업 디스플레이"", ""빌트인 캠 2"", ""증강현실 내비게이션""], ""detail_count"": 3, ""has_details"": true, ""details_text"": ""헤드업 디스플레이; 빌트인 캠 2; 증강현실 내비게이션""}, {""order"": 5, ""name"": ""KRELL사운드"", ""details"": [""KRELL 프리미엄 사운드(12스피커, 외장앰프)"", ""※ 7인승 선택 시 도어타입 러기지 트레이 미적용""], ""detail_count"": 2, ""has_details"": true, ""details_text"": ""KRELL 프리미엄 사운드(12스피커, 외장앰프); ※ 7인승 선택 시 도어타입 러기지 트레이 미적용""}, {""order"": 6, ""name"": ""모니터링팩"", ""details"": [""서라운드 뷰 모니터"", ""후측방 모니터"", ""리모트 360도 뷰(내 차 주변 영상)"", ""후방 주차 충돌방지 보조"", ""측방 주차 거리 경고"", ""원격 스마트 주차 보조""], ""detail_count"": 6, ""has_details"": true, ""details_text"": ""서라운드 뷰 모니터; 후측방 모니터; 리모트 360도 뷰(내 차 주변 영상); 후방 주차 충돌방지 보조; 측방 주차 거리 경고; 원격 스마트 주차 보조""}, {""order"": 7, ""name"": ""스마트커넥트"", ""details"": [""기아 디지털 키 2"", ""터치타입 아웃사이드 도어핸들(1열)"", ""지문 인증 시스템"", ""디지털 센터 미러""], ""detail_count"": 4, ""has_details"": true, ""details_text"": ""기아 디지털 키 2; 터치타입 아웃사이드 도어핸들(1열); 지문 인증 시스템; 디지털 센터 미러""}]",2026-06-26T09:12:45.348038+00:00,2026-06-29T09:04:59.156954+00:00,2026-07-01T05:44:55.502408+00:00,2026-06-29T10:50:09.709951+00:00,74,45
